Jumlah Cluster (K),Inertia/WCSS,Silhouette Score (sample 10.000),Davies-Bouldin Index (sample 10.000),Calinski-Harabasz Index (sample 10.000)
4,3159748.988599972,0.1464696564970207,1.7726841793085482,1762.9587458052931
