num__Age,num__Referral,num__Amount_spent,cat__Gender_Female,cat__Gender_Male,cat__Gender_Unknown,cat__Marital_status_Married,cat__Marital_status_Single,cat__Employees_status_Employees,cat__Employees_status_Self-Employed,cat__Employees_status_Unemployment,cat__Employees_status_Unknown,cat__Employees_status_Workers,cat__Payment_method_Card,cat__Payment_method_Other,cat__Payment_method_PayPal
-0.018700370241079477,0.6986036274604339,1.1899635057804987,0.5307198113303158,0.461076718205165,0.008203470464454044,0.587544346517842,0.41245565348215807,0.4132383885823149,0.20372968192491772,0.08885059924981832,0.0021245667002218645,0.29205676354282073,0.3029083183393751,0.2473951185792775,0.44969656308134676
-0.9601240664061258,0.6986036274609096,-0.582895978664297,0.519580062979997,0.4664045126932095,0.014015424326687988,0.5864608687880795,0.4135391312119206,0.3783218290496751,0.21527292226337602,0.1163658730200784,0.014388678312899235,0.2756506973539404,0.3315126249219545,0.21975722719611737,0.44873014788219157
-0.015095170412694522,-1.431426864524613,0.014478208879686193,0.5727271807360103,0.4151974392100452,0.01207538005403919,0.5779081259213059,0.4220918740786942,0.38353498318552537,0.20152392645486336,0.09175265034356794,0.01741822977627771,0.30577021023982115,0.3135045248946479,0.2199776706660762,0.4665178044395595
0.8652571807520857,0.6986036274589406,-0.5783928217704983,0.5056576220299847,0.48347158036989685,0.010870797599991947,0.5953451036059626,0.40465489639403746,0.3426636855496852,0.1698783214437864,0.09563762193932955,0.00691613113892563,0.38490423992823475,0.23005546510433858,0.27836860938161473,0.49157592551428175
